{"nVersion":1,"logoPosition":{"pinnedPosition":"BottomLeft","nWidthPct":23.85432897838507,"nHeightPct":24.305555555555543}}