{"nVersion":1,"logoPosition":{"pinnedPosition":"BottomLeft","nWidthPct":36.090225563909776,"nHeightPct":72.56944444444444}}