{"nVersion":1,"logoPosition":{"pinnedPosition":"BottomLeft","nWidthPct":30.694394502377236,"nHeightPct":34.02777777777777}}