{"nVersion":1,"logoPosition":{"pinnedPosition":"BottomLeft","nWidthPct":36.11111111111111,"nHeightPct":88.53674328261573}}