{"nVersion":1,"logoPosition":{"pinnedPosition":"BottomLeft","nWidthPct":50.06392584601862,"nHeightPct":97.91666666666667}}