{"nVersion":1,"logoPosition":{"pinnedPosition":"BottomLeft","nWidthPct":39.10328680384887,"nHeightPct":53.81944444444445}}