{"nVersion":1,"logoPosition":{"pinnedPosition":"UpperCenter","nWidthPct":41.979949874686696,"nHeightPct":53.81944444444445}}