{"nVersion":1,"logoPosition":{"pinnedPosition":"UpperCenter","nWidthPct":39.097744360902254,"nHeightPct":69.44444444444446}}