{"nVersion":1,"logoPosition":{"pinnedPosition":"BottomLeft","nWidthPct":31.061017192123785,"nHeightPct":42.013888888888886}}