{"nVersion":1,"logoPosition":{"pinnedPosition":"CenterCenter","nWidthPct":40.35087719298244,"nHeightPct":36.80555555555554}}